Author,Text,Date,Score
AutoModerator,"**Mirrors / Alternate angles**


*I am a bot, and this action was performed automatically. Please [contact the moderators of this subreddit](/message/compose/?to=/r/MMA) if you have any questions or concerns.*",2024-04-14 04:06:29,1
mdmbmdm,Legendary moment,2024-04-14 04:06:48,9087
NitroBubblegum,"FUCKING IMAGINE HAVING A LOCKED DECISION WIN IN THE BAG AND YOU POINT TO THE GROUND SAYING ""LETS BANG""!?!?!??!

MAX THE FUCKING GOAT",2024-04-14 04:08:44,3187
ibenwarforged,THATS 300k FOR BLESSED,2024-04-14 04:06:40,5605
AML2003,That is the single coldest thing any fighter has ever done,2024-04-14 04:06:50,8882
surgeyou123,"I thought Dustin would beat Justin


I thought Justin would beat Max




I don't know shit about fuck",2024-04-14 04:07:17,2866
Fellainis_Elbows,GIVE HIM BOTH BONUSES. FINISH AND PERFORMANCE,2024-04-14 04:06:45,2936
LuckyWarrior,"Max-Dustin 3, Max-Ilia, Max-Islam, Max-Conor


¬†World is his oyster right now¬†",2024-04-14 04:06:53,2870
jordanhhh4,WHAT THE FUCK,2024-04-14 04:06:38,3966
ThreeOlivesChihuahua,"NOOOO WAY! Crazy thing is, it could‚Äôve been Max that could‚Äôve gotten KO‚Äôed in the last seconds! Motherfucker put it all on the line to just swang and bang",2024-04-14 04:06:43,2587
interia1099,FINALLY THERE IS THE HOLY SHIT MOMENT THIS CARD NEEDED,2024-04-14 04:07:00,620
N0rthOfTheWall,Last second KO wtf,2024-04-14 04:06:43,1495
zorro95,Max really just put on a boxing clinic on Justin. how impressive is that,2024-04-14 04:06:49,1316
peeledpotato1989,New mythical fighter unlocked: Floral üå∏ shorts Holloway. What a fn banger.,2024-04-14 04:07:10,187
jordanhhh4,Breaking the nose of Gaethje so he can't bite down on his mouthpiece and swing... Truly some 4D chess from Max. If Justin is breathing red he won't be able to see red.,2024-04-14 04:06:43,1901
CitizenMurdoch,"Imagine being Tsarukyan, agreeing to fight one of the most dangerous dudes in the division, get ranked Number 1 and next in line for a title shot, only for the very next fight in the promotion have a legend coming up to your division clobber the other most dangerous guy in the division and rob you of your shot",2024-04-14 04:07:00,1028
No-Day-8136,And there goes any hopes for a Justin title run,2024-04-14 04:06:49,1331
ramseysleftnut,This is one of the greatest performances in UFC history,2024-04-14 04:07:45,140
tito-ortiz-wife69,wore his gear 5 hoodie telling you this was his peak,2024-04-14 04:06:48,409
jordanhhh4,"Max by violent KO, like we all predicted",2024-04-14 04:07:09,353
[deleted],[deleted],2024-04-14 04:06:46,246
Fog2222,THE BEST BOXER IN THE UFC,2024-04-14 04:06:48,1164
Daftdaddy,Don‚Äôt ever doubt my boy again‚Ä¶ whole damn subreddit talking about how Max was walking into his first KO loss.. the best is blessed baby,2024-04-14 04:06:41,2664
fatrevolt,THE BEST IS BLESSED BABY. THE BEST IS BLESSED.,2024-04-14 04:06:44,1141
shrewdy,"What a fucking savage, I take back everything I said about this fight in the build up. Shame on me for doubting Max

Absolute legend",2024-04-14 04:06:50,1056
TraeCartoon,That was legendary. God damn.,2024-04-14 04:06:58,105
KnotTV,That was the most epic thing I've ever seen. My lord.,2024-04-14 04:07:31,189
aurules,Holy shit give em the $300k bonus,2024-04-14 04:06:46,445
Jasbuddy,"Close it up, there will never be a better BMF",2024-04-14 04:08:00,159
CouncilOfReligion,OH MY FUCKING GOD,2024-04-14 04:06:42,628
EpilepticZebra,WTFFF,2024-04-14 04:06:45,267
Obelisk7777,"I said a week ago, 

[Imagine they make it to the 5th round and Max looks at Gaejthe and does this, then goes on to win the BMF. Would be the most badass win ever for an underdog](https://www.reddit.com/r/ufc/s/kPiwFx0XgQ)

They call me mystic mac",2024-04-14 04:10:39,455
Juhstehn,Arman screaming into the void right now knowing Max is getting the next shot after Poirier if he chooses to stay at LW,2024-04-14 04:06:49,535
mad87645,Best boxer in the UFC baby!,2024-04-14 04:06:47,217
macchiato_kubideh,I‚Äôm about to forget English¬†,2024-04-14 04:07:06,56
Sterlingftw,I thought it was crazy reckless to give Justin a chance like that. Little did I fucking know,2024-04-14 04:08:13,54
evomau,OH MY GOD,2024-04-14 04:06:50,147
reddegginc,PERFORMANCE OF THE CENTURY,2024-04-14 04:07:16,142
Torax2,"Max just risked it all when he was likely 5 rounds up against the p4p hardest puncher in the ufc, and he ko'd him... one of the most badass things i've ever seen ever. Definitely earned that BMF title.",2024-04-14 04:08:37,141
Gunslinger1991,It‚Äôs crazy that some fans were damn near writing Holloway‚Äôs obituary leading up to this fight. Goat moment.,2024-04-14 04:06:59,242
jordanhhh4,BUZZER BEATER,2024-04-14 04:06:49,159
Wisithewizard,WHTATTTTTATATT,2024-04-14 04:06:44,282
BadLeague,That was the greatest thing I've ever seen idc,2024-04-14 04:09:14,84
MarzAdam,"Had to piss the final minute. Did I miss anything? Max by decision, right?",2024-04-14 04:08:16,74
-GTR-,The nose is done for max looked so sharp today,2024-04-14 04:06:54,36
cblack112,"Oh my God, got him like zombie at the last second",2024-04-14 04:07:03,35
Earth759,"One of the best knockouts in UFC history

We've seen last gasp KO's as time expires

but we've never seen it from someone who clearly was in the lead

pointing at the middle and just putting on a clinic for the sake of the fans

expectations were high going in and yet this fight surpassed them

Literally can't think of a better definition of a fight for the BMF belt than this

It's crazy to think that if Demetrious was never traded for Askren we never would have had this moment",2024-04-14 04:43:11,69
vCootiePie,HOLY FUCK,2024-04-14 04:06:50,95
KuribohKutie,Gaethje died pretty much,2024-04-14 04:07:46,70
Alpha-Trion,"No fuckin way dude

I'm sorry I ever doubted him.",2024-04-14 04:06:59,30
broopvripbrap,Someone finally punished Gaethje for constantly ducking his head. Seeing those spinning back kicks land on Gaethje‚Äôs nose was so satisfying.,2024-04-14 04:06:58,251
IBrk4Chipmunks,Woooooooow,2024-04-14 04:06:52,25
quiequie,HOLY FUCK HOLLOWAY,2024-04-14 04:06:59,26
TheRegulu,THAT FUCKING FINISH HOLYYYYYYYYYYYYYYYYYYYY SHITTTTTTTTTTTTT,2024-04-14 04:07:04,25
Fellainis_Elbows,BEST FINISH IVE EVER SEEN,2024-04-14 04:07:06,68
Fragrant_Spirit3776,THE BEST IS BLESSED,2024-04-14 04:06:51,85
I-Should-Travel,I'm gonna cum,2024-04-14 04:06:59,188
d00fpop,"AND I WAS WORRIED ABOUT MY BOY

300K BABY",2024-04-14 04:06:56,78
zorro95,BEST BOXER IN THE UFCCCC,2024-04-14 04:07:00,22
blackgallagher1,KO of the year!!,2024-04-14 04:07:12,21
407Franz,"Welp, that was just about the most badass thing I've ever seen",2024-04-14 04:08:08,20
cheeryvoice,To say that I bet on Gaethje would be the understatement of the year.  I can't believe it.  Best I've seen Max fight in my life.,2024-04-14 04:08:09,22
anxiousdumbdumb,Whos got pillow hands now. That was fucking nasty.,2024-04-14 04:09:15,20
CrabSauceCrissCross,I fucking love Max. There's really not much else to say. People talked about endlessly him getting demolished and possibly chinned and he beat the fuck out of Justin and stole the fucking KO.,2024-04-14 04:09:54,23
hoesb4bros123,That was the dopest shit I've ever seen in any sport,2024-04-14 04:13:59,20
Xywark,HOLY FUCK MAX,2024-04-14 04:06:51,57
Promiseofpower,JUSTIN IS DEAD OH MY GOD,2024-04-14 04:07:24,56
BeepBlooper234,The best is blessed baby,2024-04-14 04:06:52,42
[deleted],[deleted],2024-04-14 04:07:40,66
Givemefreetacos,"Bro, is Justin dead lol",2024-04-14 04:07:52,16
PandaPatrolLetsRoll,"Max is truly the Baddest Mother Fucker. Up four rounds to none, winning the fifth, ten seconds left, let‚Äôs bang. KO. Absolute legend.",2024-04-14 04:23:15,17
NeitherAlexNorAlice,OMG,2024-04-14 04:06:50,34
12wingsandchips,OMG,2024-04-14 04:06:51,36
Durden93,HOLY SHIT,2024-04-14 04:06:53,30
Parrotherb,BEST BOXER IN THE UFC BABY,2024-04-14 04:06:56,35
calvin521,HE COULD HAVE JUST RAN IN CIRCLES BUT SAID FUCK IT I AM THE REAL BAD MOTHER FUCKER,2024-04-14 04:08:12,37
powerchicken,Holy Fucking Shit,2024-04-14 04:06:55,17
GMCfoshoFan,No fucking way!!!,2024-04-14 04:07:00,16
JoshElroy,Holy fuck!!!!,2024-04-14 04:06:55,14
Davidstoic,Bro I jumped up with my family screaming ü•≤ it‚Äôs been a shitty past two years but man that was so much fuckin fun.,2024-04-14 04:09:49,16
darkdark,I need a cigarette after that fight and I don't even smoke,2024-04-14 04:24:42,15
Wayf4rer,OH MY FUCKING GOD,2024-04-14 04:06:50,64
your_nan,"First time I've ever got goosebumps watching MMA, holy fuck",2024-04-14 04:09:51,13
Highdrophiliac,CTE with the boiiiiiissss,2024-04-14 04:07:14,30
Anderrrrr,#BM FUCKING F,2024-04-14 04:06:56,64
interia1099,The UFC really got a ‚Äûget out of jail free‚Äú card with that Max win when it comes to booking their next LW title fights,2024-04-14 04:07:52,12
skkITer,"The greatest moment in UFC history.
  
My neighbors are pissed.",2024-04-14 04:14:28,13
flmontpetit,Another fucking Holloway all time highlight,2024-04-14 04:07:27,11
vetatesting,"This is the greatest moment of all time period IMO. For months max has been doubted, we feared for his well-being. The context and how the fight went up to that execution is what makes it better than the leon kick. Just incredible. I'm still in a state of shock 2 rounds into the zhang fight.",2024-04-14 04:41:53,11
BlairHoyle,That's the greatest knockout of all time! No question about it.,2024-04-14 04:07:59,33
_Jubilating,ONE OF THE BEST FIGHTS I‚ÄôVE EVER WATCHED,2024-04-14 04:07:01,59
mrausgor,The sport just peaked. I should turn the tv off forever.,2024-04-14 04:13:11,11
CallRespiratory,"RETIRE THE BMF BELT BECAUSE IT WILL NEVER TOP THIS MOMENT. 

HOLLOWAY DIRECTLY TO THE HOF DO NOT PASS GO BUT DO COLLECT THAT FOTN/KOTN BONUS.",2024-04-14 04:33:32,10
MEROVlNGlAN,My favourite part of this fight was when they showed Ilia Topuria on the big screen after the fight and everyone booed him. Max is that guy.,2024-04-14 04:42:04,11
Galactic,BEST FIGHT ENDING IN THE HISTORY OF THE UFC,2024-04-14 04:07:16,29
hallelalaluwah,YOU NERDS WHO SAID GAETHJE BY MURDER APOLOGIZE NOW,2024-04-14 04:07:50,26
Swegan,"""Gaethje is to powerful for Max"" my fucking ass.",2024-04-14 04:08:06,9
MisterSweener,Probably the coolest thing to ever happen,2024-04-14 04:08:25,9
kevaljoshi8888,That's my BMF champ. That's why he's the GOAT. The MVP.,2024-04-14 04:14:01,9
8008luver,I shut the card off‚Ä¶ no way anything else is topping that shit tonight. I thought the Kattar fight cemented Max as the guy‚Ä¶ until this legendary shit tonight. BMF KING!,2024-04-14 04:21:34,8
Seabody,Retire the BMF belt. There is no possible way we're getting a more bad ass moment than that. Peak BFM.,2024-04-14 04:24:38,10
Nunchuckery,"Possibly the best finish not only in UFC history, but maybe in MMA history. Wow!",2024-04-14 04:42:05,10
younginvestor23,This is absolutely insane. Max was already winning the fight on the scorecards and risked it all to throw it down and swing and said let the best man win. That alone is what makes this the best KO of all time.,2024-04-14 04:43:20,9
FrankAbagnale0002,Max pointing to the floor then leaving Justin face down on the canvas with 1 second to go is one of the most epic moments in UFC history.,2024-04-14 06:30:56,9
icedancer3,i feel so dirty for having russian link bratha and not having to pay for this insane card might have to take a shower,2024-04-14 04:07:10,33
No_Easy_Day,OMFG HE KILLED GAETHJE LAST SECOND,2024-04-14 04:07:16,17
EnvironmentalLog9550,holy shit,2024-04-14 04:06:56,9
ruandurphy,Max Holloway is like the 2000s Chuck Norris jokes but real,2024-04-14 04:09:33,9
chizzipsandsizalsa,Absolute fucking insanity finish. Had to pick my jaw up off the floor.,2024-04-14 04:09:44,9
midniteauth0r,It‚Äôs genuinely an honour to get to watch Max‚Äôs career play out. One of those fighters you can imagine looking back on in twenty years and being able to say you were around to watch him,2024-04-14 12:25:17,9
joe2352,The absolute mad men. They deserve more than $300k,2024-04-14 04:07:44,14
StayAtHomeAstronaut-,This mirrors Tony's dumb decision to fight Gaethje instead of wait for Khabib,2024-04-14 04:08:45,14
Mat_HS,THE GOAT!,2024-04-14 04:06:58,8
Promiseofpower,OHM Y FUCKING GOD,2024-04-14 04:06:59,7
TomatoSauce587,I TOLD YOU FUCKERS MAX WASNT TONY LETS GOOOOO,2024-04-14 04:07:07,8
DanTM18,Max was not missing with that spinning back kick. And that finish was fucking rawwwww,2024-04-14 04:07:08,8
-Mangarang-,"Yeah, that's some BMF shit.",2024-04-14 04:07:22,7
Heavy_D_,BMF TITLE HAS BEEN LEGITIMIZED,2024-04-14 04:07:51,6
YummyArtichoke,THAT'S A BADASS MOTHER FUCKER,2024-04-14 04:07:57,6
SteveBruceGod,If that‚Äôs not BMF I dunno what is.,2024-04-14 04:08:02,8
BasketTimely,All time great moment holy fuck,2024-04-14 04:08:12,7
Chinga_Tu_Puta_Madre,He's still my boy,2024-04-14 04:08:23,8
danunderscorep,"You never, EVER stand and bang with Holloway when he asks for it. Never.",2024-04-14 04:08:58,7
ACKERONaudio,Max was assured to win a decision and gave it up for a coin toss. And he won the coin toss.,2024-04-14 04:09:09,7
414Myles,Baddest mf thing I‚Äôve ever seen good lord,2024-04-14 04:09:54,7
Jimbojauder,No need for any other BMF titles Max is permanently that fucking dude.....God damn that was something special,2024-04-14 04:22:57,7
goodcat1337,"I was so worried about this fight for Max just due to Justin's power and how relentless he could be. But other than the 4th round, Max pieced him up the entire fight.",2024-04-14 04:23:03,8
StatementProper4450,"Greatest KO in MMA history.

Better than Hendo vs Bisping, Rampage vs Arona, Silva vs Rampage, Gonzaga vs Cro Cop, Silva vs Belfort, McGregor vs Aldo, Machida vs Couture, Hendo vs Silva.",2024-04-14 04:37:34,6
frytaj,The only guy in the UFC good enough to actually make it as a boxer is Max. He throws hands like a MF'er.,2024-04-14 04:47:45,8
douevenwheelanddeal,That was the best thing I've ever seen!!!,2024-04-14 04:10:08,1590
Spartalust,Just when I thought I saw it all DAAAAMMMMNNNNNNN,2024-04-14 04:08:05,1232
LemonHerb,Legit the most badass moment in the history of the sport,2024-04-14 04:09:18,3031
SlayMeCreepyDaddy,"This is genuinely a legendary moment. One of the domestic moments in MMA history

**dopest not domestic lmao",2024-04-14 04:10:56,665
Datelessss,Coldest ending to a fight of all time,2024-04-14 04:10:23,275
BG40,That will be on every highlight reel for the rest of fighting history. HOLY SHIT,2024-04-14 04:10:36,259
Effective-Celery8053,Like the Ricardo llamas moment on steroids x 3,2024-04-14 04:08:50,279
OUTFOXEM,Greatest finish all time imo,2024-04-14 04:10:26,192
mexicancardio,All time moment. Only other moment with these stakes that compares is DJ subbing Kyoji with one second left,2024-04-14 04:09:42,79
CallMeGrapho,Out of everyone who could sleep Gaethje I can't fucking believe it was a famously pillow fisted featherweight lmao I love Max,2024-04-14 04:10:29,53
foofighter1351,One of the greatest endings to any fight ever Max is the badass of badasses.,2024-04-14 04:09:42,8
UncleYimbo,And the guy you're telling to stand and bang is motherfucking Justin Gaethje¬†,2024-04-14 04:22:10,1607
Iswaterreallywet,BMF for a reason,2024-04-14 04:57:57,14
ResetterofPasswords,Hawaiians always like bang.,2024-04-14 04:23:15,20
ReeG,HE DESERVES 3 MILL FOR THAT,2024-04-14 04:08:40,1311
TheINTL,"\*600K

KO of the Night, Performance of the Night",2024-04-14 04:08:03,2224
piecurlingragingbull,Give him all the bonuses fuck it,2024-04-14 04:08:30,193
I-am-in-Agreement,Fight of the night too man. 600k.,2024-04-14 04:07:49,263
lit282,THE BMF,2024-04-14 04:07:37,215
Effective-Celery8053,"Fuck that noise give that man 600k, POTN and KOTN

ETA: called it. Very well deserved for that performance from the baddest mother fucker",2024-04-14 04:08:03,118
Arsenalas128,give him 600k idgaf,2024-04-14 04:07:59,81
kickerz_chance,"1 million bonus, 300k is a joke for that ko. That was a legit buzzer beater",2024-04-14 04:09:20,77
Casexcasey,"5 round lead on Justin Fucking Gaethje and Max says fuck your scorecards, I'm killing this guy",2024-04-14 04:11:09,4475
ny_rangers,‚ÄúStand right here so I can knock you into another dimension‚Äù,2024-04-14 04:11:11,403
punchinglines,This is going to be on UFC highlight reels for DECADES to come!,2024-04-14 04:11:49,701
the_c_is_silent,BMF no longer a cringey title.,2024-04-14 04:08:27,2530
TyButler2020,"And it replaces him no look dodging shots from Kattar while yelling at commentary

Dude is a 2x diamond certified bad ass",2024-04-14 04:11:39,553
JohnBobbyJimJob,Absolute huge balls,2024-04-14 04:08:29,340
dutchfool,Give him a million dollar bonus for that shit,2024-04-14 04:11:07,164
Letzallcalmdown,Sat here in disbelief. Winning 5-0 and calls for a fight in a phone booth with seconds to go. Cannot believe that just happened.,2024-04-14 04:11:03,270
TonyTheLion2319,Bro was up 4-1 and gave Justin a chance to win and slept him,2024-04-14 04:12:29,193
JC_Frost,He called his fucking shot,2024-04-14 04:10:02,215
charliepatrick,God of war,2024-04-14 04:10:46,51
Fabulous_String_138,BMF meta should always be an incredibly reckless brawl to end the fight,2024-04-14 04:13:59,46
Up_in_the_Sky,"Broooo. 

Dustin and max are my two favorite fighters. I thought Dustin was going to win. I STILL think he looked so sharp that night. Until the head kick. Seeing Dustin live tweet during this is nuts. 

I too was super nervous for this and didn‚Äôt like this fight for max. Crazy",2024-04-14 04:19:00,296
Skeptix_907,"It's ok bud, nobody knows anything and predicting fights is a fool's errand.

Who would've though Sean Strickland would dogwalk Israel for 5 straight rounds?",2024-04-14 04:27:15,31
ThreeOlivesChihuahua,Same and I thought Max would beat Poirier in the rematch,2024-04-14 04:14:44,41
PutThemToTheSword,"Justin > Dustin > Mustin > Justin

IT IS WRITTEN",2024-04-14 04:21:31,10
topazswissmas,Topuria looked terrified when he got called out,2024-04-14 04:16:29,1069
aslightlyusedtissue,GIVE HIM THE TITLE SHOT. LIGHTWEIGHT MAX ERA STARTS NOW,2024-04-14 04:10:36,105
kendinggon_dubai,Give him whatever the fuck he wants. GOAT.,2024-04-14 04:14:01,9
Rfisk064,For real. Dude looks incredible right now,2024-04-14 04:10:45,554
ThreeOlivesChihuahua,Volkanovski might be at the end of his career but Holloway entered a new prime.,2024-04-14 04:11:35,650
Proper_Efficiency594,BMF title should be like MITB. Win and you get to pick your shot.,2024-04-14 04:12:54,37
lordarc,"INDUCT MAX INTO THE HALL OF FAME RIGHT NOW, HE DIDNT NEED TO DO THAT BUT HE SAID FUCK THAT",2024-04-14 04:07:40,1918
Keith__Peterson,That‚Äôs 300k what a bad mother fucker,2024-04-14 04:07:11,739
LuckyWarrior,AAAAA dont throw down with Max ever,2024-04-14 04:07:16,344
itistime999,Might be the best moment in ufc history,2024-04-14 04:07:39,156
JE_Exa,One of the greatest moments in the UFC and greatest KOs of all time idgaf,2024-04-14 04:08:02,198
The_AMD_Guy,DID WE JUST WITNESS THE GREATEST MOMENT IN UFC HISTORY?? WTF WAS THAT,2024-04-14 04:09:29,179
flacaGT3,I JUST SCREAMED HOLY SHIT,2024-04-14 04:07:37,116
lit282,BMF,2024-04-14 04:07:32,103
this_is_hard_FACK,Never would have thought it would last that long or end that way. Holy shit,2024-04-14 04:07:34,47
ReeG,All time goat finish,2024-04-14 04:07:39,45
Revival93,Most badass mma moment of all time. Bar none.,2024-04-14 04:07:32,211
[deleted],[deleted],2024-04-14 04:09:08,32
douevenwheelanddeal,That was the best moment in UFC ever!!!! Fucking a,2024-04-14 04:07:34,100
ImmediateDiamond8238,"might be the best thing I've ever seen in 8 years of watching MMA, holy fuck",2024-04-14 04:07:48,72
Expensive_Bass_6979,Holy fucking shit to stand and bang like that when you‚Äôre up 4 rounds against a power puncher.  WTFFFF,2024-04-14 04:08:35,23
Anderrrrr,#MAX FUCKING HOLLOWAY,2024-04-14 04:07:42,43
vladdreddit,Fk it. Give Max PoTN and FoTN.,2024-04-14 04:07:26,29
Prizmeh,What the fucking fuck,2024-04-14 04:07:26,12
Balizzm,BMF!!!!,2024-04-14 04:07:36,26
Ranjith_Unchained,Choo choo mfs...blessed express is well on track,2024-04-14 04:07:44,18
firulice,BLESSED EXPRESS MOTHAFUCKAS,2024-04-14 04:08:27,8
starks_are_coming,THATS WHY HES THE BADDEST MOTHERFUCKER BABY,2024-04-14 04:13:47,568
Ionic-Nova,I bet on the fight going the full 5 rounds. fml (it was $10),2024-04-14 04:11:39,293
Epic_Deuce,It being SO dumb and unnecessary just takes it to a whole new level,2024-04-14 04:13:33,17
p55X98gpCSF2RMF,"justin, bmf belt, winning the fight, still does the riskiest thing ever... then a last second ko.

there isnt a better moment in the sport. this is #1 now.  


EDIT: AT UFC 300!!!",2024-04-14 04:14:43,7
Los_Ingobernablez,that was beyond a holy shit moment. That was a HOLY MOTHERFUCKING SHIT moment,2024-04-14 05:18:10,44
ArseneLupinIV,Bruh he crumpled like they do in the video games,2024-04-14 04:10:11,333
Alpha-Trion,Literally.,2024-04-14 04:09:01,153
thegreaterfool714,Masterpiece of a performance,2024-04-14 04:11:19,164
ayoubkun94,"I was afraid this would be another career ending beating from Gaethje, but I'm super happy to be proven wrong.",2024-04-14 04:18:09,50
sebasq,"hell yeah and also broke Gaethje‚Äôs nose with that spinning back kick. dont think ive ever seen so many spinning back kicks in a fight, let alone on an entire card and most were landing.",2024-04-14 04:17:41,18
obliterayte,"Imagine how fucking good he feels. Nobody really picked him coming up against one of the baddest 155ers alive. Not only did he master class him, he puts it all on the line against the king of violence and knocks him out cold at the buzzer.

Cold fucking blooded. Poetic moment. The best is blessed.",2024-04-14 04:18:26,18
Bdodk2000,Max looked a little more filled out than his previous 155 fight and the extra power showed wooooooooey,2024-04-14 04:16:47,9
thegreaterfool714,"Gathje was fucked after that.

He had two glimmers of hope when he was able to knock down Max in the 4th and and in the final seconds when Max was like fuck it lets ball. But otherwise that was a masterpiece of boxing.",2024-04-14 04:19:51,292
IC2Flier,That investment in the spinning kick paid dividends,2024-04-14 04:08:51,600
SaiDerryist96,That kick to the nose shattered Justin,2024-04-14 04:10:25,295
iwasstaringthrough,"I mean he definitely wasn‚Äôt trying to hit him in the nose, Justin just had his face down there for some damned reason.",2024-04-14 04:17:02,9
WakingRage,The LW division is so fucking cracked man. What a bloodbath of a division.,2024-04-14 04:15:21,330
Faynt90,"Give Max Topuria, give Tsarukyan Makhachev.",2024-04-14 04:19:49,219
higgboson7,"I think Max is getting the featherweight shot. 

Volk shouldn‚Äôt return so quickly, and Ilia has been avoiding Max.",2024-04-14 04:17:01,26
absurdlifex,I doubt Holloway even wants Islam,2024-04-14 04:26:12,10
hfucucyshwv,"I dont think Dana is gonna do any more double weight valsses for a while. Arman gets Islam, Max gets Ilia and Volk is probably gonna wait.",2024-04-14 04:16:15,8
Mad-Gavin,He really only had a punchers chance against Islam anyway.,2024-04-14 04:09:20,656
flyerfan1248,"Justin would've got murdered by Islam, and if Max chases a LW title shot, so will he.",2024-04-14 04:08:28,276
Jay_Train,New Legendary fighter unlocked floral print Max,2024-04-14 04:12:31,83
monkey-d-chopper,I was so hyped seeing the G5 hoodie. Then he turns around and gives us the greatest moment the octagon has ever seen,2024-04-14 04:17:58,24
yesterdaysatan,With 1 second left because of course,2024-04-14 04:23:18,45
HaramHas,"Lol, you think leg kicks are real?",2024-04-14 04:11:06,65
eskenuk,Max gets kicked in leg a tons in many of his high level fight. But they never seem to bother him. Dude is just made of titanium.,2024-04-14 04:10:42,33
cikkamsiah,Joe said it was grotesque!!!,2024-04-14 04:19:21,8
[deleted],[deleted],2024-04-14 04:15:05,136
InfectiousCosmology1,BABY,2024-04-14 04:13:45,12
the_c_is_silent,"You cannot be more BMF than pointing at the spot, brawling, and then knocking you opponent out clean. That's the single most badass thing the octagon has ever witnessed. All that done in a fight he was fucking dominating.

Unironically might be my favorite moment I've ever seen in MMA.",2024-04-14 04:08:03,1270
Butt_Stuph,Everyone thought this was gonna be a tony moment for Holloway but it was a tony moment for gaethje,2024-04-14 04:09:14,336
odegood,Damn he made me eat my words. I thought he was gonna get destroyed but he killed him,2024-04-14 04:09:33,95
Black-Morticia,I will gladly eat crow on that. I was so worried about Max's chin and in reality it was Gaethje's nose was a major part of the fight.,2024-04-14 04:08:53,141
dorozco,The sub was saying Max would never be the same after this fight.. I don't think he will in the best way possible,2024-04-14 04:09:36,59
BlackDonaldCerrone,Comparing Max to shot Tony lol,2024-04-14 04:07:57,74
ArkhamGeyser,"TELL me about it bro, the discourse surrounding this fight was very much like the leadup to Aljo vs Yan 2 where everyone was pretty much like ""Yan by Murder"". Same thing here, people were damn near writing Max's obituary saying he was gonna get the Tony Ferguson treatment, and LOOK what happened üò§üò§üò§",2024-04-14 04:08:52,14
[deleted],[deleted],2024-04-14 04:09:35,25
lurkingdanger22,CHOO CHOO BLESSED EXPRESS ALL ABOARD,2024-04-14 04:08:08,120
HawaiianPunch42,Blessed express is back,2024-04-14 04:10:00,90
Prior-Instance6764,*$600k GIVE HIM ALL THE MONEY,2024-04-14 04:13:12,71
Powerful_System,"600k, fuck it 1.2million",2024-04-14 04:14:34,11
Short-Service1248,Honestly. Retire the belt . Nothing will ever beat this moment. True BMF right there,2024-04-14 04:22:25,30
huntexlol,Never been a more deserving title man,2024-04-14 04:52:45,9
littlejack100,Lisan al Gaib,2024-04-14 04:18:34,179
NonStopFarts,I like your clap back at that one guy üòÇ,2024-04-14 04:25:00,42
rpenner2,Vindicated!,2024-04-14 04:31:36,11
Woperelli87,"He‚Äôs not staying at LW, Topuria is right there",2024-04-14 04:11:19,89
12wingsandchips,"I don't think Max wants to grapple with Islam, but what a magnificent result against Justin",2024-04-14 04:11:00,122
JimiMcHendrixson,FORTUNE FAVORS THE BOLD!! That was absolutely legendary,2024-04-14 05:04:16,12
AnferneeThrowaway,"Either retire that dumb belt or rebrand it as the ‚ÄúHolloway belt‚Äù, because no one will ever top that finish for the rest of human history",2024-04-14 06:41:18,10
montrealthrowawa,Signing my Max apology forms now,2024-04-14 04:15:22,18
kitddylies,"On paper, it looked horrible for max. His strikes were having a lot more effect than you'd expect out of Max and that spinning back kick to punish Justin was perfect.

Blown away by that performance.",2024-04-14 04:12:14,20
nine_ss,Up by 20 and hit a full court shot to beat the buzzer,2024-04-14 05:01:50,14
know-it-mall,Yea just coasted to avoid a bad knock-out loss late.,2024-04-14 04:12:50,28
NiceBonerRetard,"Gotta give so much credit to his camp for developing that spinning back kick specifically to counter Gaethje‚Äôs head ducking. He landed it basically 100% of the time in R1-4 and it caused ridiculous damage.

Max looked more prepared than I could‚Äôve imagined",2024-04-14 04:27:57,61
WhiteFolksWalking,"Max listens to Heavy Hands, confirmed.",2024-04-14 04:10:30,27
cikkamsiah,You‚Äôd think Justin‚Äôs opponents would plan for a uppercut or a knee but Max wanted a spinning back kick lmao,2024-04-14 04:21:54,15
SomeMeatBag,Every dude in that arena did. Must smell terrible,2024-04-14 04:23:02,16
TheThockter,KO of the milennium,2024-04-14 04:30:18,12
themathwiz67,Baddest Mother Fucking Fucker,2024-04-14 04:18:30,16
xvsanx,Nah fuck them and their ppv paywall,2024-04-14 04:18:37,21
Saturns_Hexagon,"Max owns 4 of the 5 best moments in UFC history IMO. The Kattar no look ""I'm the best boxer"" moment. The teaching Ortega to block moment. The OG point down w/ Lamas. And now this the KO stand off at the last second vs The Highlight. [I fucking love Max Holloway.](https://i.imgur.com/WioCT1E.png)",2024-04-14 05:13:42,1112
_BigClitPhobia_,My new favorite KO of all time,2024-04-14 05:07:31,28
Glad-Meal6418,1 fucking second in the 5th round Justin Gaethje is on his face.  What. The . Fuck,2024-04-14 05:10:28,11
SL2321,"Just what everyone thought, Max KOing Justin after a virtuoso performance with 1 second to spare for the BMF title.",2024-04-14 04:16:14,768
-SansSoleil-,Easily the biggest moment in UFC history to be honest. Completely dominating the fight the entire time and puts it all on the line in a career defining moment. I can't think of any other fighter that would put everything on the line against someone like Gaethje in the last ten seconds of a fight they are 100% winning on the cards.,2024-04-14 04:15:23,659
youreallonsteroids,this is my favorite ko of all time,2024-04-14 04:28:02,9
di3_b0ld,It was like something you‚Äôd see in an MMA movie and think it‚Äôs unrealistic,2024-04-14 04:17:53,537
Different-Estate747,"Max is the most badass fighter of all time.

Best chin of all time.

Best KO of all time.

Best 10-seconds of a last round of all time.

All round good guy.",2024-04-14 04:19:45,1142
requiem85,"Max could've easily been the one to go to sleep after being up probably 5 rounds, nothing more badass than that",2024-04-14 04:19:45,494
Randybigbottom,Average Holloway win lmao. Get this man a 30for30.,2024-04-14 04:15:48,209
Zephyr9x,He's him.,2024-04-14 04:17:09,385
Material-Gift6823,1 second left,2024-04-14 04:17:06,45
ReeG,"UFC 300, BMF belt, middle of the octagon, swang and bang KO in the final second, doesn't get any better",2024-04-14 04:19:03,11
buelo,deservingly gonna be in every UFC highlight for years lmao,2024-04-14 04:20:09,12
brazilianfreak,"Not the most significant but definitely the most badass moment in the history of combat sports, this is like if Crawford went up and knocked out Canelo after dominating him for 12 rounds.",2024-04-14 04:21:09,10
YouCantHoldACandle,Justice  for what he did to ferguson,2024-04-14 04:16:10,8
BrandoCalrissian1995,"Max is like 3 or 4 out of the most badass moments in history.

The first time he did this shit against lamas.

His no look slip and counter vs kattar 

Showing Ortega how to block mid fight

This.

The TRUE BMF.",2024-04-14 04:39:07,8
Watson349B,Both foreign and domestic this was legendary.,2024-04-14 04:17:40,424
MuskEmeraldMine,Jon Jones has the most domestic moment,2024-04-14 04:45:17,10
L00pring,"I like my beer how I like my violence.


Domestic",2024-04-14 04:20:10,17
panman42,Singlehandedly cemented UFC 300 into the history books.,2024-04-14 04:34:53,22
ajmartin527,"Max has more experience. He has to actually train this at this point, probably knew he was going to do that in the BMF fight and planned it too.",2024-04-14 04:21:27,9
bisteot,"And you send him to another dimension in the last second.

JG: ""I am willing to die in there""

MH: ""Granted""",2024-04-14 05:28:02,637
